{"graph": {"_type": "graph-file", "sha256": "289732b421dfa3d88edff56d4eef83ce251fbfb2444c65bfdf14d7cd0c83c687", "size": 1584, "path": "media/graph/graph_summary_289732b421dfa3d88edf.graph.json"}, "epoch": 50, "_timestamp": 1652165785, "_runtime": 62, "loss": 14.010740280151367, "val_loss": 13.89673137664795, "val_val_loss": 11.547386169433594, "_step": 50, "best_val_loss": 11.589482307434082, "best_epoch": 0, "_wandb": {"runtime": 61}}