{"graph": {"_type": "graph-file", "sha256": "93df3d061300fcd9217a014e84da07023429d450df83ebc2700b67fd0c963da1", "size": 2072, "path": "media/graph/graph_summary_93df3d061300fcd9217a.graph.json"}, "epoch": 199, "_timestamp": 1652168727, "_runtime": 415, "loss": 11.532781600952148, "val_loss": 12.5958833694458, "val_val_loss": 11.664226531982422, "_step": 199, "best_val_loss": 11.074479103088379, "best_epoch": 191, "_wandb": {"runtime": 415}}