{"graph": {"_type": "graph-file", "sha256": "e5e23ccffab78856b708793063ec9675f26e145e380f3e7206db001d3a955683", "size": 617, "path": "media/graph/graph_summary_e5e23ccffab78856b708.graph.json"}, "epoch": 195, "_timestamp": 1652167571, "_runtime": 189, "loss": 11.632688522338867, "val_loss": 11.531490325927734, "val_val_loss": 10.9456205368042, "_step": 195, "best_val_loss": 10.693255424499512, "best_epoch": 145, "_wandb": {"runtime": 188}}