{"graph": {"_type": "graph-file", "sha256": "a32303bed07b8b295d3fff8663d685897fef5edbba7f264fc5de1ba4222c976e", "size": 2073, "path": "media/graph/graph_summary_a32303bed07b8b295d3f.graph.json"}, "epoch": 25, "_timestamp": 1652163916, "_runtime": 44, "loss": 14.015331268310547, "val_loss": 14.013443946838379, "val_val_loss": 10.676477432250977, "_step": 25, "best_val_loss": 10.697610855102539, "best_epoch": 0, "_wandb": {"runtime": 42}}