{"graph": {"_type": "graph-file", "sha256": "fee609b867b12c622acff796e912bcfa0ad475c86ae024b1d2643b6c7b4f2367", "size": 2073, "path": "media/graph/graph_summary_fee609b867b12c622acf.graph.json"}, "epoch": 99, "_timestamp": 1652160953, "_runtime": 153, "loss": 10.300251007080078, "val_loss": 10.23067855834961, "val_val_loss": 11.681930541992188, "_step": 99, "best_val_loss": 10.18683910369873, "best_epoch": 87, "_wandb": {"runtime": 152}}