{"graph": {"_type": "graph-file", "sha256": "289732b421dfa3d88edff56d4eef83ce251fbfb2444c65bfdf14d7cd0c83c687", "size": 1584, "path": "media/graph/graph_summary_289732b421dfa3d88edf.graph.json"}, "epoch": 30, "_timestamp": 1652165567, "_runtime": 40, "loss": 10.17647647857666, "val_loss": 10.109230041503906, "val_val_loss": 11.384037017822266, "_step": 30, "best_val_loss": 10.101056098937988, "best_epoch": 18, "_wandb": {"runtime": 39}}