{"graph": {"_type": "graph-file", "sha256": "289732b421dfa3d88edff56d4eef83ce251fbfb2444c65bfdf14d7cd0c83c687", "size": 1584, "path": "media/graph/graph_summary_289732b421dfa3d88edf.graph.json"}, "epoch": 50, "_timestamp": 1652169730, "_runtime": 82, "loss": 10.969894409179688, "val_loss": 11.326366424560547, "val_val_loss": 9.361116409301758, "_step": 50, "best_val_loss": 9.401681900024414, "best_epoch": 0, "_wandb": {"runtime": 82}}