{"graph": {"_type": "graph-file", "sha256": "aabcca7ad82506361a2ac30e94339a740bf98270cb92a190a7e33d4315d5f5e5", "size": 1587, "path": "media/graph/graph_summary_aabcca7ad82506361a2a.graph.json"}, "epoch": 83, "_timestamp": 1652162006, "_runtime": 156, "loss": 9.979113578796387, "val_loss": 9.902726173400879, "val_val_loss": 11.670589447021484, "_step": 83, "best_val_loss": 9.891204833984375, "best_epoch": 58, "_wandb": {"runtime": 155}}