{"graph": {"_type": "graph-file", "sha256": "289732b421dfa3d88edff56d4eef83ce251fbfb2444c65bfdf14d7cd0c83c687", "size": 1584, "path": "media/graph/graph_summary_289732b421dfa3d88edf.graph.json"}, "epoch": 73, "_timestamp": 1652172417, "_runtime": 132, "loss": 10.263848304748535, "val_loss": 10.205495834350586, "val_val_loss": 11.572630882263184, "_step": 73, "best_val_loss": 9.986709594726562, "best_epoch": 48, "_wandb": {"runtime": 131}}