{"graph": {"_type": "graph-file", "sha256": "fee609b867b12c622acff796e912bcfa0ad475c86ae024b1d2643b6c7b4f2367", "size": 2073, "path": "media/graph/graph_summary_fee609b867b12c622acf.graph.json"}, "epoch": 62, "_timestamp": 1652161377, "_runtime": 144, "loss": 10.274243354797363, "val_loss": 10.203420639038086, "val_val_loss": 12.579314231872559, "_step": 62, "best_val_loss": 10.067306518554688, "best_epoch": 37, "_wandb": {"runtime": 144}}