{"graph": {"_type": "graph-file", "sha256": "aabcca7ad82506361a2ac30e94339a740bf98270cb92a190a7e33d4315d5f5e5", "size": 1587, "path": "media/graph/graph_summary_aabcca7ad82506361a2a.graph.json"}, "epoch": 25, "_timestamp": 1652164414, "_runtime": 37, "loss": 14.011878967285156, "val_loss": 13.922752380371094, "val_val_loss": 11.273859977722168, "_step": 25, "best_val_loss": 11.314168930053711, "best_epoch": 0, "_wandb": {"runtime": 35}}