{"graph": {"_type": "graph-file", "sha256": "e5e23ccffab78856b708793063ec9675f26e145e380f3e7206db001d3a955683", "size": 617, "path": "media/graph/graph_summary_e5e23ccffab78856b708.graph.json"}, "epoch": 181, "_timestamp": 1652164352, "_runtime": 127, "loss": 10.434001922607422, "val_loss": 10.437728881835938, "val_val_loss": 10.992588996887207, "_step": 181, "best_val_loss": 10.243432998657227, "best_epoch": 131, "_wandb": {"runtime": 125}}