{"graph": {"_type": "graph-file", "sha256": "e5e23ccffab78856b708793063ec9675f26e145e380f3e7206db001d3a955683", "size": 617, "path": "media/graph/graph_summary_e5e23ccffab78856b708.graph.json"}, "epoch": 12, "_timestamp": 1652169534, "_runtime": 15, "loss": 11.60783863067627, "val_loss": 11.66334342956543, "val_val_loss": 11.10954761505127, "_step": 12, "best_val_loss": 11.150403022766113, "best_epoch": 0, "_wandb": {"runtime": 14}}