{"graph": {"_type": "graph-file", "sha256": "289732b421dfa3d88edff56d4eef83ce251fbfb2444c65bfdf14d7cd0c83c687", "size": 1584, "path": "media/graph/graph_summary_289732b421dfa3d88edf.graph.json"}, "epoch": 12, "_timestamp": 1652172731, "_runtime": 31, "loss": 11.494033813476562, "val_loss": 11.536504745483398, "val_val_loss": 9.857538223266602, "_step": 12, "best_val_loss": 9.893399238586426, "best_epoch": 0, "_wandb": {"runtime": 27}}