{"graph": {"_type": "graph-file", "sha256": "a32303bed07b8b295d3fff8663d685897fef5edbba7f264fc5de1ba4222c976e", "size": 2073, "path": "media/graph/graph_summary_a32303bed07b8b295d3f.graph.json"}, "epoch": 90, "_timestamp": 1652174201, "_runtime": 206, "loss": 10.413773536682129, "val_loss": 10.35880184173584, "val_val_loss": 11.684371948242188, "_step": 90, "best_val_loss": 10.198063850402832, "best_epoch": 65, "_wandb": {"runtime": 204}}