{"graph": {"_type": "graph-file", "sha256": "fee609b867b12c622acff796e912bcfa0ad475c86ae024b1d2643b6c7b4f2367", "size": 2073, "path": "media/graph/graph_summary_fee609b867b12c622acf.graph.json"}, "epoch": 199, "_timestamp": 1652173444, "_runtime": 299, "loss": 10.005205154418945, "val_loss": 10.163674354553223, "val_val_loss": 11.905548095703125, "_step": 199, "best_val_loss": 9.85085391998291, "best_epoch": 176, "_wandb": {"runtime": 299}}