{"graph": {"_type": "graph-file", "sha256": "53e303deff2baf5936e56ae1c5419c0de3d0960ba7e26c5c02dc94a586f16f29", "size": 2093, "path": "media/graph/graph_summary_53e303deff2baf5936e5.graph.json"}, "epoch": 99, "_timestamp": 1652158711, "_runtime": 227, "loss": 10.367071151733398, "val_loss": 10.285639762878418, "val_val_loss": 11.796330451965332, "_step": 99, "best_val_loss": 10.083809852600098, "best_epoch": 95, "_wandb": {"runtime": 227}}