{"graph": {"_type": "graph-file", "sha256": "e5e23ccffab78856b708793063ec9675f26e145e380f3e7206db001d3a955683", "size": 617, "path": "media/graph/graph_summary_e5e23ccffab78856b708.graph.json"}, "epoch": 25, "_timestamp": 1652165690, "_runtime": 27, "loss": 12.15585708618164, "val_loss": 12.109199523925781, "val_val_loss": 11.183549880981445, "_step": 25, "best_val_loss": 11.210461616516113, "best_epoch": 0, "_wandb": {"runtime": 26}}