{"graph": {"_type": "graph-file", "sha256": "289732b421dfa3d88edff56d4eef83ce251fbfb2444c65bfdf14d7cd0c83c687", "size": 1584, "path": "media/graph/graph_summary_289732b421dfa3d88edf.graph.json"}, "epoch": 84, "_timestamp": 1652162604, "_runtime": 116, "loss": 10.112174034118652, "val_loss": 10.188616752624512, "val_val_loss": 11.559170722961426, "_step": 84, "best_val_loss": 9.997807502746582, "best_epoch": 59, "_wandb": {"runtime": 115}}