{"graph": {"_type": "graph-file", "sha256": "fee609b867b12c622acff796e912bcfa0ad475c86ae024b1d2643b6c7b4f2367", "size": 2073, "path": "media/graph/graph_summary_fee609b867b12c622acf.graph.json"}, "epoch": 99, "_timestamp": 1652166704, "_runtime": 160, "loss": 10.53577995300293, "val_loss": 10.505731582641602, "val_val_loss": 11.623875617980957, "_step": 99, "best_val_loss": 10.236230850219727, "best_epoch": 91, "_wandb": {"runtime": 158}}