{"graph": {"_type": "graph-file", "sha256": "a32303bed07b8b295d3fff8663d685897fef5edbba7f264fc5de1ba4222c976e", "size": 2073, "path": "media/graph/graph_summary_a32303bed07b8b295d3f.graph.json"}, "epoch": 33, "_timestamp": 1652165417, "_runtime": 77, "loss": 10.835004806518555, "val_loss": 10.793617248535156, "val_val_loss": 11.282880783081055, "_step": 33, "best_val_loss": 10.759297370910645, "best_epoch": 21, "_wandb": {"runtime": 77}}