{"graph": {"_type": "graph-file", "sha256": "93df3d061300fcd9217a014e84da07023429d450df83ebc2700b67fd0c963da1", "size": 2072, "path": "media/graph/graph_summary_93df3d061300fcd9217a.graph.json"}, "epoch": 38, "_timestamp": 1652161204, "_runtime": 96, "loss": 10.280501365661621, "val_loss": 10.220059394836426, "val_val_loss": 11.581787109375, "_step": 38, "best_val_loss": 10.067390441894531, "best_epoch": 26, "_wandb": {"runtime": 94}}