{"graph": {"_type": "graph-file", "sha256": "fee609b867b12c622acff796e912bcfa0ad475c86ae024b1d2643b6c7b4f2367", "size": 2073, "path": "media/graph/graph_summary_fee609b867b12c622acf.graph.json"}, "epoch": 53, "_timestamp": 1652174340, "_runtime": 124, "loss": 10.215785026550293, "val_loss": 12.074394226074219, "val_val_loss": 11.855586051940918, "_step": 53, "best_val_loss": 9.95144271850586, "best_epoch": 28, "_wandb": {"runtime": 123}}