{"graph": {"_type": "graph-file", "sha256": "93df3d061300fcd9217a014e84da07023429d450df83ebc2700b67fd0c963da1", "size": 2072, "path": "media/graph/graph_summary_93df3d061300fcd9217a.graph.json"}, "epoch": 21, "_timestamp": 1652165510, "_runtime": 37, "loss": 10.606895446777344, "val_loss": 11.218480110168457, "val_val_loss": 11.555967330932617, "_step": 21, "best_val_loss": 10.389547348022461, "best_epoch": 9, "_wandb": {"runtime": 36}}