{"graph": {"_type": "graph-file", "sha256": "e5e23ccffab78856b708793063ec9675f26e145e380f3e7206db001d3a955683", "size": 617, "path": "media/graph/graph_summary_e5e23ccffab78856b708.graph.json"}, "epoch": 49, "_timestamp": 1652170471, "_runtime": 39, "loss": 10.71491527557373, "val_loss": 10.621062278747559, "val_val_loss": 11.420514106750488, "_step": 49, "best_val_loss": 10.456539154052734, "best_epoch": 37, "_wandb": {"runtime": 37}}