{"graph": {"_type": "graph-file", "sha256": "289732b421dfa3d88edff56d4eef83ce251fbfb2444c65bfdf14d7cd0c83c687", "size": 1584, "path": "media/graph/graph_summary_289732b421dfa3d88edf.graph.json"}, "epoch": 12, "_timestamp": 1652164879, "_runtime": 20, "loss": 10.821334838867188, "val_loss": 10.742907524108887, "val_val_loss": 10.560328483581543, "_step": 12, "best_val_loss": 10.609964370727539, "best_epoch": 0, "_wandb": {"runtime": 20}}