{"graph": {"_type": "graph-file", "sha256": "11038376d0d8632c1bc7fab67ebadee66a8d217a79466edba4815a2e75b948e1", "size": 1593, "path": "media/graph/graph_summary_11038376d0d8632c1bc7.graph.json"}, "epoch": 102, "_timestamp": 1653295438, "_runtime": 2156, "loss": 0.24857668578624725, "val_loss": 0.24857638776302338, "val_val_loss": 0.28901854157447815, "_step": 102, "best_val_loss": 0.24857638776302338, "best_epoch": 102, "_wandb": {"runtime": 2153}}