{"graph": {"_type": "graph-file", "sha256": "fee609b867b12c622acff796e912bcfa0ad475c86ae024b1d2643b6c7b4f2367", "size": 2073, "path": "media/graph/graph_summary_fee609b867b12c622acf.graph.json"}, "epoch": 87, "_timestamp": 1652174489, "_runtime": 134, "loss": 10.206612586975098, "val_loss": 10.134312629699707, "val_val_loss": 11.68603229522705, "_step": 87, "best_val_loss": 9.881668090820312, "best_epoch": 62, "_wandb": {"runtime": 133}}