{"graph": {"_type": "graph-file", "sha256": "a32303bed07b8b295d3fff8663d685897fef5edbba7f264fc5de1ba4222c976e", "size": 2073, "path": "media/graph/graph_summary_a32303bed07b8b295d3f.graph.json"}, "epoch": 61, "_timestamp": 1652162755, "_runtime": 142, "loss": 11.013638496398926, "val_loss": 10.94581413269043, "val_val_loss": 10.755126953125, "_step": 61, "best_val_loss": 10.590502738952637, "best_epoch": 36, "_wandb": {"runtime": 141}}