{"graph": {"_type": "graph-file", "sha256": "e5e23ccffab78856b708793063ec9675f26e145e380f3e7206db001d3a955683", "size": 617, "path": "media/graph/graph_summary_e5e23ccffab78856b708.graph.json"}, "epoch": 46, "_timestamp": 1652164989, "_runtime": 43, "loss": 11.275782585144043, "val_loss": 11.20686149597168, "val_val_loss": 12.587456703186035, "_step": 46, "best_val_loss": 10.701973915100098, "best_epoch": 21, "_wandb": {"runtime": 43}}