{"graph": {"_type": "graph-file", "sha256": "a32303bed07b8b295d3fff8663d685897fef5edbba7f264fc5de1ba4222c976e", "size": 2073, "path": "media/graph/graph_summary_a32303bed07b8b295d3f.graph.json"}, "epoch": 115, "_timestamp": 1652161649, "_runtime": 196, "loss": 10.258153915405273, "val_loss": 10.19091796875, "val_val_loss": 10.60641860961914, "_step": 115, "best_val_loss": 9.953713417053223, "best_epoch": 65, "_wandb": {"runtime": 195}}