{"graph": {"_type": "graph-file", "sha256": "fee609b867b12c622acff796e912bcfa0ad475c86ae024b1d2643b6c7b4f2367", "size": 2073, "path": "media/graph/graph_summary_fee609b867b12c622acf.graph.json"}, "epoch": 99, "_timestamp": 1652168964, "_runtime": 195, "loss": 10.926697731018066, "val_loss": 10.866904258728027, "val_val_loss": 11.185136795043945, "_step": 99, "best_val_loss": 10.640817642211914, "best_epoch": 83, "_wandb": {"runtime": 195}}