{"graph": {"_type": "graph-file", "sha256": "fee609b867b12c622acff796e912bcfa0ad475c86ae024b1d2643b6c7b4f2367", "size": 2073, "path": "media/graph/graph_summary_fee609b867b12c622acf.graph.json"}, "epoch": 118, "_timestamp": 1652166085, "_runtime": 253, "loss": 10.86874008178711, "val_loss": 10.8131685256958, "val_val_loss": 12.302379608154297, "_step": 118, "best_val_loss": 10.396648406982422, "best_epoch": 68, "_wandb": {"runtime": 252}}