{"graph": {"_type": "graph-file", "sha256": "14a0a3b464bbef6e5857abdf333369a952f7d794d03659035d8d29b05fc05769", "size": 2140, "path": "media/graph/graph_summary_14a0a3b464bbef6e5857.graph.json"}, "epoch": 99, "_timestamp": 1652160679, "_runtime": 212, "loss": 10.184209823608398, "val_loss": 10.443954467773438, "val_val_loss": 11.80928897857666, "_step": 99, "best_val_loss": 9.94275188446045, "best_epoch": 96, "_wandb": {"runtime": 212}}