{"graph": {"_type": "graph-file", "sha256": "e5e23ccffab78856b708793063ec9675f26e145e380f3e7206db001d3a955683", "size": 617, "path": "media/graph/graph_summary_e5e23ccffab78856b708.graph.json"}, "epoch": 99, "_timestamp": 1652173025, "_runtime": 66, "loss": 10.76265811920166, "val_loss": 10.716175079345703, "val_val_loss": 11.310333251953125, "_step": 99, "best_val_loss": 10.3375244140625, "best_epoch": 76, "_wandb": {"runtime": 65}}