{"graph": {"_type": "graph-file", "sha256": "fee609b867b12c622acff796e912bcfa0ad475c86ae024b1d2643b6c7b4f2367", "size": 2073, "path": "media/graph/graph_summary_fee609b867b12c622acf.graph.json"}, "epoch": 12, "_timestamp": 1652172266, "_runtime": 35, "loss": 14.009222030639648, "val_loss": 13.918200492858887, "val_val_loss": 11.646941184997559, "_step": 12, "best_val_loss": 11.681182861328125, "best_epoch": 0, "_wandb": {"runtime": 33}}