{"graph": {"_type": "graph-file", "sha256": "a32303bed07b8b295d3fff8663d685897fef5edbba7f264fc5de1ba4222c976e", "size": 2073, "path": "media/graph/graph_summary_a32303bed07b8b295d3f.graph.json"}, "epoch": 23, "_timestamp": 1652165049, "_runtime": 39, "loss": 10.418075561523438, "val_loss": 10.469017028808594, "val_val_loss": 10.397294044494629, "_step": 23, "best_val_loss": 10.194153785705566, "best_epoch": 11, "_wandb": {"runtime": 38}}