{"graph": {"_type": "graph-file", "sha256": "e5e23ccffab78856b708793063ec9675f26e145e380f3e7206db001d3a955683", "size": 617, "path": "media/graph/graph_summary_e5e23ccffab78856b708.graph.json"}, "epoch": 16, "_timestamp": 1652165820, "_runtime": 15, "loss": 13.19943904876709, "val_loss": 13.098945617675781, "val_val_loss": 32.50253677368164, "_step": 16, "best_val_loss": 12.264274597167969, "best_epoch": 4, "_wandb": {"runtime": 14}}