{"graph": {"_type": "graph-file", "sha256": "a32303bed07b8b295d3fff8663d685897fef5edbba7f264fc5de1ba4222c976e", "size": 2073, "path": "media/graph/graph_summary_a32303bed07b8b295d3f.graph.json"}, "epoch": 78, "_timestamp": 1652174807, "_runtime": 178, "loss": 10.585688591003418, "val_loss": 10.682305335998535, "val_val_loss": 11.860008239746094, "_step": 78, "best_val_loss": 10.269499778747559, "best_epoch": 53, "_wandb": {"runtime": 177}}