{"graph": {"_type": "graph-file", "sha256": "a32303bed07b8b295d3fff8663d685897fef5edbba7f264fc5de1ba4222c976e", "size": 2073, "path": "media/graph/graph_summary_a32303bed07b8b295d3f.graph.json"}, "epoch": 33, "_timestamp": 1652171327, "_runtime": 55, "loss": 14.023148536682129, "val_loss": 14.128206253051758, "val_val_loss": 11.535906791687012, "_step": 33, "best_val_loss": 11.024794578552246, "best_epoch": 8, "_wandb": {"runtime": 55}}