{"graph": {"_type": "graph-file", "sha256": "289732b421dfa3d88edff56d4eef83ce251fbfb2444c65bfdf14d7cd0c83c687", "size": 1584, "path": "media/graph/graph_summary_289732b421dfa3d88edf.graph.json"}, "epoch": 40, "_timestamp": 1652161044, "_runtime": 72, "loss": 10.500349998474121, "val_loss": 11.465910911560059, "val_val_loss": 11.328370094299316, "_step": 40, "best_val_loss": 10.314605712890625, "best_epoch": 28, "_wandb": {"runtime": 71}}