{"graph": {"_type": "graph-file", "sha256": "aabcca7ad82506361a2ac30e94339a740bf98270cb92a190a7e33d4315d5f5e5", "size": 1587, "path": "media/graph/graph_summary_aabcca7ad82506361a2a.graph.json"}, "epoch": 25, "_timestamp": 1652165652, "_runtime": 50, "loss": 10.354118347167969, "val_loss": 10.628619194030762, "val_val_loss": 11.697647094726562, "_step": 25, "best_val_loss": 10.07170295715332, "best_epoch": 13, "_wandb": {"runtime": 49}}