{"graph": {"_type": "graph-file", "sha256": "006e9a392e3fb20af526b1f1e886e5d6521615809004d7ef3ce79f5efb05028b", "size": 2120, "path": "media/graph/graph_summary_006e9a392e3fb20af526.graph.json"}, "epoch": 99, "_timestamp": 1652086695, "_runtime": 201, "loss": 9.710474014282227, "val_loss": 9.712855339050293, "val_val_loss": 16.459861755371094, "_step": 100, "best_val_loss": 9.393377304077148, "best_epoch": 90, "Fold scores": [40.42058579158168]}