{"graph": {"_type": "graph-file", "sha256": "a32303bed07b8b295d3fff8663d685897fef5edbba7f264fc5de1ba4222c976e", "size": 2073, "path": "media/graph/graph_summary_a32303bed07b8b295d3f.graph.json"}, "epoch": 50, "_timestamp": 1652169629, "_runtime": 72, "loss": 10.381102561950684, "val_loss": 10.318013191223145, "val_val_loss": 9.813055038452148, "_step": 50, "best_val_loss": 9.852569580078125, "best_epoch": 0, "_wandb": {"runtime": 71}}