{"graph": {"_type": "graph-file", "sha256": "aabcca7ad82506361a2ac30e94339a740bf98270cb92a190a7e33d4315d5f5e5", "size": 1587, "path": "media/graph/graph_summary_aabcca7ad82506361a2a.graph.json"}, "epoch": 43, "_timestamp": 1652170164, "_runtime": 75, "loss": 10.225687980651855, "val_loss": 10.138137817382812, "val_val_loss": 12.032920837402344, "_step": 43, "best_val_loss": 9.962570190429688, "best_epoch": 31, "_wandb": {"runtime": 73}}