{"graph": {"_type": "graph-file", "sha256": "289732b421dfa3d88edff56d4eef83ce251fbfb2444c65bfdf14d7cd0c83c687", "size": 1584, "path": "media/graph/graph_summary_289732b421dfa3d88edf.graph.json"}, "epoch": 185, "_timestamp": 1652175110, "_runtime": 224, "loss": 10.056188583374023, "val_loss": 9.988765716552734, "val_val_loss": 11.860734939575195, "_step": 185, "best_val_loss": 9.871123313903809, "best_epoch": 135, "_wandb": {"runtime": 223}}