{"graph": {"_type": "graph-file", "sha256": "fee609b867b12c622acff796e912bcfa0ad475c86ae024b1d2643b6c7b4f2367", "size": 2073, "path": "media/graph/graph_summary_fee609b867b12c622acf.graph.json"}, "epoch": 12, "_timestamp": 1652167948, "_runtime": 26, "loss": 10.326497077941895, "val_loss": 10.309267044067383, "val_val_loss": 10.104228973388672, "_step": 12, "best_val_loss": 10.145403861999512, "best_epoch": 0, "_wandb": {"runtime": 25}}