{"graph": {"_type": "graph-file", "sha256": "aabcca7ad82506361a2ac30e94339a740bf98270cb92a190a7e33d4315d5f5e5", "size": 1587, "path": "media/graph/graph_summary_aabcca7ad82506361a2a.graph.json"}, "epoch": 199, "_timestamp": 1652163313, "_runtime": 248, "loss": 10.07796859741211, "val_loss": 10.165023803710938, "val_val_loss": 11.175947189331055, "_step": 199, "best_val_loss": 9.800341606140137, "best_epoch": 160, "_wandb": {"runtime": 246}}