{"graph": {"_type": "graph-file", "sha256": "e5e23ccffab78856b708793063ec9675f26e145e380f3e7206db001d3a955683", "size": 617, "path": "media/graph/graph_summary_e5e23ccffab78856b708.graph.json"}, "epoch": 49, "_timestamp": 1652164932, "_runtime": 35, "loss": 10.647955894470215, "val_loss": 10.630846977233887, "val_val_loss": 11.414029121398926, "_step": 49, "best_val_loss": 10.547630310058594, "best_epoch": 38, "_wandb": {"runtime": 34}}