{"graph": {"_type": "graph-file", "sha256": "289732b421dfa3d88edff56d4eef83ce251fbfb2444c65bfdf14d7cd0c83c687", "size": 1584, "path": "media/graph/graph_summary_289732b421dfa3d88edf.graph.json"}, "epoch": 136, "_timestamp": 1652175375, "_runtime": 244, "loss": 10.518383979797363, "val_loss": 10.582173347473145, "val_val_loss": 10.633305549621582, "_step": 136, "best_val_loss": 10.222025871276855, "best_epoch": 130, "_wandb": {"runtime": 244}}