{"graph": {"_type": "graph-file", "sha256": "289732b421dfa3d88edff56d4eef83ce251fbfb2444c65bfdf14d7cd0c83c687", "size": 1584, "path": "media/graph/graph_summary_289732b421dfa3d88edf.graph.json"}, "epoch": 12, "_timestamp": 1652165456, "_runtime": 20, "loss": 11.808334350585938, "val_loss": 11.715007781982422, "val_val_loss": 10.24669075012207, "_step": 12, "best_val_loss": 10.273193359375, "best_epoch": 0, "_wandb": {"runtime": 19}}