{"graph": {"_type": "graph-file", "sha256": "289732b421dfa3d88edff56d4eef83ce251fbfb2444c65bfdf14d7cd0c83c687", "size": 1584, "path": "media/graph/graph_summary_289732b421dfa3d88edf.graph.json"}, "epoch": 35, "_timestamp": 1652171200, "_runtime": 71, "loss": 10.121912956237793, "val_loss": 10.139913558959961, "val_val_loss": 12.409568786621094, "_step": 35, "best_val_loss": 10.030128479003906, "best_epoch": 23, "_wandb": {"runtime": 70}}