{"graph": {"_type": "graph-file", "sha256": "e5e23ccffab78856b708793063ec9675f26e145e380f3e7206db001d3a955683", "size": 617, "path": "media/graph/graph_summary_e5e23ccffab78856b708.graph.json"}, "epoch": 99, "_timestamp": 1652171445, "_runtime": 102, "loss": 10.774685859680176, "val_loss": 10.823002815246582, "val_val_loss": 11.06978702545166, "_step": 99, "best_val_loss": 10.548187255859375, "best_epoch": 93, "_wandb": {"runtime": 102}}