{"graph": {"_type": "graph-file", "sha256": "e5e23ccffab78856b708793063ec9675f26e145e380f3e7206db001d3a955683", "size": 617, "path": "media/graph/graph_summary_e5e23ccffab78856b708.graph.json"}, "epoch": 199, "_timestamp": 1652167782, "_runtime": 192, "loss": 10.548800468444824, "val_loss": 10.549625396728516, "val_val_loss": 11.149407386779785, "_step": 199, "best_val_loss": 10.447103500366211, "best_epoch": 189, "_wandb": {"runtime": 191}}