{"graph": {"_type": "graph-file", "sha256": "e5e23ccffab78856b708793063ec9675f26e145e380f3e7206db001d3a955683", "size": 617, "path": "media/graph/graph_summary_e5e23ccffab78856b708.graph.json"}, "epoch": 50, "_timestamp": 1652161716, "_runtime": 54, "loss": 11.122395515441895, "val_loss": 11.101680755615234, "val_val_loss": 9.97686767578125, "_step": 50, "best_val_loss": 10.016241073608398, "best_epoch": 0, "_wandb": {"runtime": 53}}