{"graph": {"_type": "graph-file", "sha256": "fee609b867b12c622acff796e912bcfa0ad475c86ae024b1d2643b6c7b4f2367", "size": 2073, "path": "media/graph/graph_summary_fee609b867b12c622acf.graph.json"}, "epoch": 199, "_timestamp": 1652173960, "_runtime": 301, "loss": 10.250332832336426, "val_loss": 10.180563926696777, "val_val_loss": 11.508917808532715, "_step": 199, "best_val_loss": 9.835859298706055, "best_epoch": 157, "_wandb": {"runtime": 299}}