{"graph": {"_type": "graph-file", "sha256": "aabcca7ad82506361a2ac30e94339a740bf98270cb92a190a7e33d4315d5f5e5", "size": 1587, "path": "media/graph/graph_summary_aabcca7ad82506361a2a.graph.json"}, "epoch": 29, "_timestamp": 1652162477, "_runtime": 44, "loss": 14.0189847946167, "val_loss": 14.342211723327637, "val_val_loss": 14.657407760620117, "_step": 29, "best_val_loss": 10.842144966125488, "best_epoch": 4, "_wandb": {"runtime": 43}}