{"graph": {"_type": "graph-file", "sha256": "289732b421dfa3d88edff56d4eef83ce251fbfb2444c65bfdf14d7cd0c83c687", "size": 1584, "path": "media/graph/graph_summary_289732b421dfa3d88edf.graph.json"}, "epoch": 195, "_timestamp": 1652170056, "_runtime": 312, "loss": 10.199373245239258, "val_loss": 10.149446487426758, "val_val_loss": 11.682655334472656, "_step": 195, "best_val_loss": 10.135847091674805, "best_epoch": 145, "_wandb": {"runtime": 302}}