{"graph": {"_type": "graph-file", "sha256": "a32303bed07b8b295d3fff8663d685897fef5edbba7f264fc5de1ba4222c976e", "size": 2073, "path": "media/graph/graph_summary_a32303bed07b8b295d3f.graph.json"}, "epoch": 38, "_timestamp": 1652165172, "_runtime": 59, "loss": 14.007831573486328, "val_loss": 14.217639923095703, "val_val_loss": 11.157864570617676, "_step": 38, "best_val_loss": 10.81253719329834, "best_epoch": 13, "_wandb": {"runtime": 59}}