{"graph": {"_type": "graph-file", "sha256": "fee609b867b12c622acff796e912bcfa0ad475c86ae024b1d2643b6c7b4f2367", "size": 2073, "path": "media/graph/graph_summary_fee609b867b12c622acf.graph.json"}, "epoch": 85, "_timestamp": 1652164215, "_runtime": 195, "loss": 10.176444053649902, "val_loss": 10.139680862426758, "val_val_loss": 11.352714538574219, "_step": 85, "best_val_loss": 10.052674293518066, "best_epoch": 60, "_wandb": {"runtime": 194}}