{"graph": {"_type": "graph-file", "sha256": "006e9a392e3fb20af526b1f1e886e5d6521615809004d7ef3ce79f5efb05028b", "size": 2120, "path": "media/graph/graph_summary_006e9a392e3fb20af526.graph.json"}, "epoch": 99, "_timestamp": 1652159302, "_runtime": 215, "loss": 10.261361122131348, "val_loss": 10.19977855682373, "val_val_loss": 11.806126594543457, "_step": 99, "best_val_loss": 10.035124778747559, "best_epoch": 87, "_wandb": {"runtime": 213}}