{"graph": {"_type": "graph-file", "sha256": "e5e23ccffab78856b708793063ec9675f26e145e380f3e7206db001d3a955683", "size": 617, "path": "media/graph/graph_summary_e5e23ccffab78856b708.graph.json"}, "epoch": 106, "_timestamp": 1652162212, "_runtime": 108, "loss": 10.293719291687012, "val_loss": 10.232505798339844, "val_val_loss": 10.990382194519043, "_step": 106, "best_val_loss": 10.030853271484375, "best_epoch": 56, "_wandb": {"runtime": 106}}