{"graph": {"_type": "graph-file", "sha256": "aabcca7ad82506361a2ac30e94339a740bf98270cb92a190a7e33d4315d5f5e5", "size": 1587, "path": "media/graph/graph_summary_aabcca7ad82506361a2a.graph.json"}, "epoch": 41, "_timestamp": 1652171027, "_runtime": 78, "loss": 10.350443840026855, "val_loss": 10.27665901184082, "val_val_loss": 11.174349784851074, "_step": 41, "best_val_loss": 9.957083702087402, "best_epoch": 29, "_wandb": {"runtime": 77}}