{"graph": {"_type": "graph-file", "sha256": "289732b421dfa3d88edff56d4eef83ce251fbfb2444c65bfdf14d7cd0c83c687", "size": 1584, "path": "media/graph/graph_summary_289732b421dfa3d88edf.graph.json"}, "epoch": 34, "_timestamp": 1652162086, "_runtime": 68, "loss": 10.892576217651367, "val_loss": 10.804730415344238, "val_val_loss": 11.441824913024902, "_step": 34, "best_val_loss": 10.79736328125, "best_epoch": 9, "_wandb": {"runtime": 67}}