{"graph": {"_type": "graph-file", "sha256": "fee609b867b12c622acff796e912bcfa0ad475c86ae024b1d2643b6c7b4f2367", "size": 2073, "path": "media/graph/graph_summary_fee609b867b12c622acf.graph.json"}, "epoch": 97, "_timestamp": 1652168181, "_runtime": 220, "loss": 10.031905174255371, "val_loss": 9.965949058532715, "val_val_loss": 11.39147663116455, "_step": 97, "best_val_loss": 9.914365768432617, "best_epoch": 47, "_wandb": {"runtime": 219}}