{"graph": {"_type": "graph-file", "sha256": "289732b421dfa3d88edff56d4eef83ce251fbfb2444c65bfdf14d7cd0c83c687", "size": 1584, "path": "media/graph/graph_summary_289732b421dfa3d88edf.graph.json"}, "epoch": 22, "_timestamp": 1652166773, "_runtime": 48, "loss": 10.282876014709473, "val_loss": 10.277732849121094, "val_val_loss": 11.328051567077637, "_step": 22, "best_val_loss": 10.244230270385742, "best_epoch": 10, "_wandb": {"runtime": 46}}