{"graph": {"_type": "graph-file", "sha256": "53e303deff2baf5936e56ae1c5419c0de3d0960ba7e26c5c02dc94a586f16f29", "size": 2093, "path": "media/graph/graph_summary_53e303deff2baf5936e5.graph.json"}, "epoch": 84, "_timestamp": 1652086470, "_runtime": 377, "loss": 10.282039642333984, "val_loss": 10.276333808898926, "val_val_loss": 11.86307144165039, "_step": 184, "best_val_loss": 9.48593521118164, "best_epoch": 62, "_wandb": {"runtime": 379}}