{"graph": {"_type": "graph-file", "sha256": "e5e23ccffab78856b708793063ec9675f26e145e380f3e7206db001d3a955683", "size": 617, "path": "media/graph/graph_summary_e5e23ccffab78856b708.graph.json"}, "epoch": 12, "_timestamp": 1652164768, "_runtime": 20, "loss": 11.391443252563477, "val_loss": 11.367427825927734, "val_val_loss": 11.114580154418945, "_step": 12, "best_val_loss": 11.15748119354248, "best_epoch": 0, "_wandb": {"runtime": 16}}