{"graph": {"_type": "graph-file", "sha256": "e5e23ccffab78856b708793063ec9675f26e145e380f3e7206db001d3a955683", "size": 617, "path": "media/graph/graph_summary_e5e23ccffab78856b708.graph.json"}, "epoch": 12, "_timestamp": 1652166806, "_runtime": 13, "loss": 11.231639862060547, "val_loss": 11.32060432434082, "val_val_loss": 11.046433448791504, "_step": 12, "best_val_loss": 11.085103988647461, "best_epoch": 0, "_wandb": {"runtime": 13}}