{"graph": {"_type": "graph-file", "sha256": "a32303bed07b8b295d3fff8663d685897fef5edbba7f264fc5de1ba4222c976e", "size": 2073, "path": "media/graph/graph_summary_a32303bed07b8b295d3f.graph.json"}, "epoch": 49, "_timestamp": 1652162322, "_runtime": 83, "loss": 10.248466491699219, "val_loss": 10.17721176147461, "val_val_loss": 12.039830207824707, "_step": 49, "best_val_loss": 10.084598541259766, "best_epoch": 44, "_wandb": {"runtime": 82}}