{"graph": {"_type": "graph-file", "sha256": "fee609b867b12c622acff796e912bcfa0ad475c86ae024b1d2643b6c7b4f2367", "size": 2073, "path": "media/graph/graph_summary_fee609b867b12c622acf.graph.json"}, "epoch": 12, "_timestamp": 1652161436, "_runtime": 38, "loss": 11.225724220275879, "val_loss": 11.134774208068848, "val_val_loss": 10.414264678955078, "_step": 12, "best_val_loss": 10.450190544128418, "best_epoch": 0, "_wandb": {"runtime": 35}}