{"graph": {"_type": "graph-file", "sha256": "a32303bed07b8b295d3fff8663d685897fef5edbba7f264fc5de1ba4222c976e", "size": 2073, "path": "media/graph/graph_summary_a32303bed07b8b295d3f.graph.json"}, "epoch": 21, "_timestamp": 1652163436, "_runtime": 38, "loss": 14.014413833618164, "val_loss": 13.902173042297363, "val_val_loss": 20.686880111694336, "_step": 21, "best_val_loss": 10.960919380187988, "best_epoch": 9, "_wandb": {"runtime": 37}}