{"graph": {"_type": "graph-file", "sha256": "289732b421dfa3d88edff56d4eef83ce251fbfb2444c65bfdf14d7cd0c83c687", "size": 1584, "path": "media/graph/graph_summary_289732b421dfa3d88edf.graph.json"}, "epoch": 114, "_timestamp": 1652172948, "_runtime": 204, "loss": 10.068949699401855, "val_loss": 10.438946723937988, "val_val_loss": 11.342489242553711, "_step": 114, "best_val_loss": 9.964548110961914, "best_epoch": 64, "_wandb": {"runtime": 202}}