{"graph": {"_type": "graph-file", "sha256": "fee609b867b12c622acff796e912bcfa0ad475c86ae024b1d2643b6c7b4f2367", "size": 2073, "path": "media/graph/graph_summary_fee609b867b12c622acf.graph.json"}, "epoch": 45, "_timestamp": 1652167906, "_runtime": 109, "loss": 10.474514961242676, "val_loss": 10.422643661499023, "val_val_loss": 11.961437225341797, "_step": 45, "best_val_loss": 10.36247730255127, "best_epoch": 33, "_wandb": {"runtime": 108}}