{"graph": {"_type": "graph-file", "sha256": "289732b421dfa3d88edff56d4eef83ce251fbfb2444c65bfdf14d7cd0c83c687", "size": 1584, "path": "media/graph/graph_summary_289732b421dfa3d88edf.graph.json"}, "epoch": 188, "_timestamp": 1652171708, "_runtime": 238, "loss": 9.9385404586792, "val_loss": 9.860729217529297, "val_val_loss": 10.957528114318848, "_step": 188, "best_val_loss": 9.834056854248047, "best_epoch": 138, "_wandb": {"runtime": 238}}