{"graph": {"_type": "graph-file", "sha256": "fee609b867b12c622acff796e912bcfa0ad475c86ae024b1d2643b6c7b4f2367", "size": 2073, "path": "media/graph/graph_summary_fee609b867b12c622acf.graph.json"}, "epoch": 42, "_timestamp": 1652161839, "_runtime": 106, "loss": 10.366198539733887, "val_loss": 10.289078712463379, "val_val_loss": 12.85530948638916, "_step": 42, "best_val_loss": 10.20466423034668, "best_epoch": 30, "_wandb": {"runtime": 104}}