{"graph": {"_type": "graph-file", "sha256": "a32303bed07b8b295d3fff8663d685897fef5edbba7f264fc5de1ba4222c976e", "size": 2073, "path": "media/graph/graph_summary_a32303bed07b8b295d3f.graph.json"}, "epoch": 12, "_timestamp": 1652162419, "_runtime": 35, "loss": 11.213372230529785, "val_loss": 11.12363338470459, "val_val_loss": 9.60285758972168, "_step": 12, "best_val_loss": 9.638533592224121, "best_epoch": 0, "_wandb": {"runtime": 35}}