{"graph": {"_type": "graph-file", "sha256": "e5e23ccffab78856b708793063ec9675f26e145e380f3e7206db001d3a955683", "size": 617, "path": "media/graph/graph_summary_e5e23ccffab78856b708.graph.json"}, "epoch": 199, "_timestamp": 1652172216, "_runtime": 191, "loss": 10.177312850952148, "val_loss": 10.175262451171875, "val_val_loss": 11.111851692199707, "_step": 199, "best_val_loss": 10.060809135437012, "best_epoch": 175, "_wandb": {"runtime": 191}}