{"graph": {"_type": "graph-file", "sha256": "aabcca7ad82506361a2ac30e94339a740bf98270cb92a190a7e33d4315d5f5e5", "size": 1587, "path": "media/graph/graph_summary_aabcca7ad82506361a2a.graph.json"}, "epoch": 145, "_timestamp": 1652172007, "_runtime": 272, "loss": 10.26549243927002, "val_loss": 10.179427146911621, "val_val_loss": 13.326086044311523, "_step": 145, "best_val_loss": 9.961548805236816, "best_epoch": 95, "_wandb": {"runtime": 271}}