{"graph": {"_type": "graph-file", "sha256": "93df3d061300fcd9217a014e84da07023429d450df83ebc2700b67fd0c963da1", "size": 2072, "path": "media/graph/graph_summary_93df3d061300fcd9217a.graph.json"}, "epoch": 37, "_timestamp": 1652163386, "_runtime": 63, "loss": 10.708036422729492, "val_loss": 10.63632583618164, "val_val_loss": 11.510485649108887, "_step": 37, "best_val_loss": 10.564176559448242, "best_epoch": 25, "_wandb": {"runtime": 62}}