{"graph": {"_type": "graph-file", "sha256": "fee609b867b12c622acff796e912bcfa0ad475c86ae024b1d2643b6c7b4f2367", "size": 2073, "path": "media/graph/graph_summary_fee609b867b12c622acf.graph.json"}, "epoch": 199, "_timestamp": 1652170932, "_runtime": 446, "loss": 10.162327766418457, "val_loss": 10.722036361694336, "val_val_loss": 11.33543872833252, "_step": 199, "best_val_loss": 9.89970874786377, "best_epoch": 170, "_wandb": {"runtime": 445}}