{"graph": {"_type": "graph-file", "sha256": "93df3d061300fcd9217a014e84da07023429d450df83ebc2700b67fd0c963da1", "size": 2072, "path": "media/graph/graph_summary_93df3d061300fcd9217a.graph.json"}, "epoch": 81, "_timestamp": 1652164729, "_runtime": 194, "loss": 10.183144569396973, "val_loss": 10.095005989074707, "val_val_loss": 11.125744819641113, "_step": 81, "best_val_loss": 9.95901870727539, "best_epoch": 56, "_wandb": {"runtime": 192}}