{"graph": {"_type": "graph-file", "sha256": "fee609b867b12c622acff796e912bcfa0ad475c86ae024b1d2643b6c7b4f2367", "size": 2073, "path": "media/graph/graph_summary_fee609b867b12c622acf.graph.json"}, "epoch": 12, "_timestamp": 1652163057, "_runtime": 35, "loss": 11.179553031921387, "val_loss": 11.107295989990234, "val_val_loss": 10.418736457824707, "_step": 12, "best_val_loss": 10.427717208862305, "best_epoch": 0, "_wandb": {"runtime": 34}}