{"graph": {"_type": "graph-file", "sha256": "e5e23ccffab78856b708793063ec9675f26e145e380f3e7206db001d3a955683", "size": 617, "path": "media/graph/graph_summary_e5e23ccffab78856b708.graph.json"}, "epoch": 127, "_timestamp": 1652165315, "_runtime": 112, "loss": 10.259214401245117, "val_loss": 10.173717498779297, "val_val_loss": 10.810121536254883, "_step": 127, "best_val_loss": 10.09449577331543, "best_epoch": 77, "_wandb": {"runtime": 111}}