{"graph": {"_type": "graph-file", "sha256": "289732b421dfa3d88edff56d4eef83ce251fbfb2444c65bfdf14d7cd0c83c687", "size": 1584, "path": "media/graph/graph_summary_289732b421dfa3d88edf.graph.json"}, "epoch": 61, "_timestamp": 1652167006, "_runtime": 83, "loss": 10.115818977355957, "val_loss": 10.030942916870117, "val_val_loss": 11.45904541015625, "_step": 61, "best_val_loss": 9.931878089904785, "best_epoch": 36, "_wandb": {"runtime": 81}}