{"graph": {"_type": "graph-file", "sha256": "e5e23ccffab78856b708793063ec9675f26e145e380f3e7206db001d3a955683", "size": 617, "path": "media/graph/graph_summary_e5e23ccffab78856b708.graph.json"}, "epoch": 25, "_timestamp": 1652163651, "_runtime": 31, "loss": 11.264263153076172, "val_loss": 11.221245765686035, "val_val_loss": 9.381607055664062, "_step": 25, "best_val_loss": 9.425982475280762, "best_epoch": 0, "_wandb": {"runtime": 27}}