{"graph": {"_type": "graph-file", "sha256": "a84cae75ec66e82778d2ecb8cc522805e0eb3d7bea95bc1e1a0811e5fa6261a8", "size": 2136, "path": "media/graph/graph_summary_a84cae75ec66e82778d2.graph.json"}, "epoch": 99, "_timestamp": 1652160167, "_runtime": 216, "loss": 10.356648445129395, "val_loss": 10.294878959655762, "val_val_loss": 11.697842597961426, "_step": 99, "best_val_loss": 10.013076782226562, "best_epoch": 81, "_wandb": {"runtime": 215}}