{"graph": {"_type": "graph-file", "sha256": "93df3d061300fcd9217a014e84da07023429d450df83ebc2700b67fd0c963da1", "size": 2072, "path": "media/graph/graph_summary_93df3d061300fcd9217a.graph.json"}, "epoch": 31, "_timestamp": 1652173132, "_runtime": 75, "loss": 10.250815391540527, "val_loss": 10.1873197555542, "val_val_loss": 11.342510223388672, "_step": 31, "best_val_loss": 10.08838176727295, "best_epoch": 19, "_wandb": {"runtime": 74}}