{"graph": {"_type": "graph-file", "sha256": "289732b421dfa3d88edff56d4eef83ce251fbfb2444c65bfdf14d7cd0c83c687", "size": 1584, "path": "media/graph/graph_summary_289732b421dfa3d88edf.graph.json"}, "epoch": 24, "_timestamp": 1652165105, "_runtime": 46, "loss": 10.372018814086914, "val_loss": 10.454789161682129, "val_val_loss": 12.080827713012695, "_step": 24, "best_val_loss": 10.227614402770996, "best_epoch": 12, "_wandb": {"runtime": 46}}