{"graph": {"_type": "graph-file", "sha256": "93df3d061300fcd9217a014e84da07023429d450df83ebc2700b67fd0c963da1", "size": 2072, "path": "media/graph/graph_summary_93df3d061300fcd9217a.graph.json"}, "epoch": 76, "_timestamp": 1652163839, "_runtime": 175, "loss": 10.164772033691406, "val_loss": 10.1024169921875, "val_val_loss": 11.255081176757812, "_step": 76, "best_val_loss": 9.999703407287598, "best_epoch": 51, "_wandb": {"runtime": 175}}