{"graph": {"_type": "graph-file", "sha256": "e5e23ccffab78856b708793063ec9675f26e145e380f3e7206db001d3a955683", "size": 617, "path": "media/graph/graph_summary_e5e23ccffab78856b708.graph.json"}, "epoch": 40, "_timestamp": 1652161097, "_runtime": 43, "loss": 11.11683177947998, "val_loss": 11.138731002807617, "val_val_loss": 11.550548553466797, "_step": 40, "best_val_loss": 10.69680118560791, "best_epoch": 15, "_wandb": {"runtime": 42}}