{"graph": {"_type": "graph-file", "sha256": "289732b421dfa3d88edff56d4eef83ce251fbfb2444c65bfdf14d7cd0c83c687", "size": 1584, "path": "media/graph/graph_summary_289732b421dfa3d88edf.graph.json"}, "epoch": 23, "_timestamp": 1652163986, "_runtime": 34, "loss": 14.014531135559082, "val_loss": 13.90299129486084, "val_val_loss": 19.392213821411133, "_step": 23, "best_val_loss": 11.285305976867676, "best_epoch": 11, "_wandb": {"runtime": 33}}