{"graph": {"_type": "graph-file", "sha256": "93df3d061300fcd9217a014e84da07023429d450df83ebc2700b67fd0c963da1", "size": 2072, "path": "media/graph/graph_summary_93df3d061300fcd9217a.graph.json"}, "epoch": 99, "_timestamp": 1652169501, "_runtime": 133, "loss": 10.807090759277344, "val_loss": 10.970751762390137, "val_val_loss": 10.896690368652344, "_step": 99, "best_val_loss": 10.332388877868652, "best_epoch": 77, "_wandb": {"runtime": 133}}