{"graph": {"_type": "graph-file", "sha256": "93df3d061300fcd9217a014e84da07023429d450df83ebc2700b67fd0c963da1", "size": 2072, "path": "media/graph/graph_summary_93df3d061300fcd9217a.graph.json"}, "epoch": 139, "_timestamp": 1652167239, "_runtime": 221, "loss": 10.16305923461914, "val_loss": 10.124406814575195, "val_val_loss": 11.324284553527832, "_step": 139, "best_val_loss": 9.963860511779785, "best_epoch": 89, "_wandb": {"runtime": 220}}