{"graph": {"_type": "graph-file", "sha256": "fee609b867b12c622acff796e912bcfa0ad475c86ae024b1d2643b6c7b4f2367", "size": 2073, "path": "media/graph/graph_summary_fee609b867b12c622acf.graph.json"}, "epoch": 143, "_timestamp": 1652170399, "_runtime": 223, "loss": 10.105981826782227, "val_loss": 10.018854141235352, "val_val_loss": 12.016143798828125, "_step": 143, "best_val_loss": 9.932827949523926, "best_epoch": 93, "_wandb": {"runtime": 223}}