{"graph": {"_type": "graph-file", "sha256": "a32303bed07b8b295d3fff8663d685897fef5edbba7f264fc5de1ba4222c976e", "size": 2073, "path": "media/graph/graph_summary_a32303bed07b8b295d3f.graph.json"}, "epoch": 138, "_timestamp": 1652169252, "_runtime": 270, "loss": 10.314875602722168, "val_loss": 10.256926536560059, "val_val_loss": 11.058303833007812, "_step": 138, "best_val_loss": 10.24537181854248, "best_epoch": 88, "_wandb": {"runtime": 270}}