{"graph": {"_type": "graph-file", "sha256": "fee609b867b12c622acff796e912bcfa0ad475c86ae024b1d2643b6c7b4f2367", "size": 2073, "path": "media/graph/graph_summary_fee609b867b12c622acf.graph.json"}, "epoch": 77, "_timestamp": 1652172553, "_runtime": 123, "loss": 10.664228439331055, "val_loss": 10.691204071044922, "val_val_loss": 10.939878463745117, "_step": 77, "best_val_loss": 10.333436965942383, "best_epoch": 52, "_wandb": {"runtime": 122}}