{"graph": {"_type": "graph-file", "sha256": "e5e23ccffab78856b708793063ec9675f26e145e380f3e7206db001d3a955683", "size": 617, "path": "media/graph/graph_summary_e5e23ccffab78856b708.graph.json"}, "epoch": 12, "_timestamp": 1652165714, "_runtime": 13, "loss": 12.819177627563477, "val_loss": 12.813955307006836, "val_val_loss": 12.102913856506348, "_step": 12, "best_val_loss": 12.12376594543457, "best_epoch": 0, "_wandb": {"runtime": 12}}