{"graph": {"_type": "graph-file", "sha256": "93df3d061300fcd9217a014e84da07023429d450df83ebc2700b67fd0c963da1", "size": 2072, "path": "media/graph/graph_summary_93df3d061300fcd9217a.graph.json"}, "epoch": 12, "_timestamp": 1652173636, "_runtime": 35, "loss": 11.462686538696289, "val_loss": 11.43021297454834, "val_val_loss": 10.956108093261719, "_step": 12, "best_val_loss": 10.989593505859375, "best_epoch": 0, "_wandb": {"runtime": 34}}