{"graph": {"_type": "graph-file", "sha256": "289732b421dfa3d88edff56d4eef83ce251fbfb2444c65bfdf14d7cd0c83c687", "size": 1584, "path": "media/graph/graph_summary_289732b421dfa3d88edf.graph.json"}, "epoch": 12, "_timestamp": 1652172598, "_runtime": 28, "loss": 11.023468971252441, "val_loss": 10.931215286254883, "val_val_loss": 9.614151954650879, "_step": 12, "best_val_loss": 9.656259536743164, "best_epoch": 0, "_wandb": {"runtime": 27}}