{"graph": {"_type": "graph-file", "sha256": "289732b421dfa3d88edff56d4eef83ce251fbfb2444c65bfdf14d7cd0c83c687", "size": 1584, "path": "media/graph/graph_summary_289732b421dfa3d88edf.graph.json"}, "epoch": 19, "_timestamp": 1652164523, "_runtime": 42, "loss": 10.254816055297852, "val_loss": 10.168710708618164, "val_val_loss": 10.869135856628418, "_step": 19, "best_val_loss": 10.160194396972656, "best_epoch": 7, "_wandb": {"runtime": 41}}