{"graph": {"_type": "graph-file", "sha256": "aabcca7ad82506361a2ac30e94339a740bf98270cb92a190a7e33d4315d5f5e5", "size": 1587, "path": "media/graph/graph_summary_aabcca7ad82506361a2a.graph.json"}, "epoch": 90, "_timestamp": 1652173580, "_runtime": 119, "loss": 10.292550086975098, "val_loss": 12.538591384887695, "val_val_loss": 11.246966361999512, "_step": 90, "best_val_loss": 10.08845043182373, "best_epoch": 65, "_wandb": {"runtime": 118}}