{"graph": {"_type": "graph-file", "sha256": "a32303bed07b8b295d3fff8663d685897fef5edbba7f264fc5de1ba4222c976e", "size": 2073, "path": "media/graph/graph_summary_a32303bed07b8b295d3f.graph.json"}, "epoch": 17, "_timestamp": 1652171116, "_runtime": 46, "loss": 10.348530769348145, "val_loss": 10.261746406555176, "val_val_loss": 11.530383110046387, "_step": 17, "best_val_loss": 10.16006851196289, "best_epoch": 5, "_wandb": {"runtime": 45}}