{"graph": {"_type": "graph-file", "sha256": "fee609b867b12c622acff796e912bcfa0ad475c86ae024b1d2643b6c7b4f2367", "size": 2073, "path": "media/graph/graph_summary_fee609b867b12c622acf.graph.json"}, "epoch": 24, "_timestamp": 1652171262, "_runtime": 44, "loss": 14.014433860778809, "val_loss": 13.920483589172363, "val_val_loss": 12.54932689666748, "_step": 24, "best_val_loss": 10.691627502441406, "best_epoch": 12, "_wandb": {"runtime": 44}}