{"graph": {"_type": "graph-file", "sha256": "fee609b867b12c622acff796e912bcfa0ad475c86ae024b1d2643b6c7b4f2367", "size": 2073, "path": "media/graph/graph_summary_fee609b867b12c622acf.graph.json"}, "epoch": 86, "_timestamp": 1652162922, "_runtime": 148, "loss": 10.493590354919434, "val_loss": 10.430521011352539, "val_val_loss": 11.769808769226074, "_step": 86, "best_val_loss": 10.342720985412598, "best_epoch": 61, "_wandb": {"runtime": 147}}