{"graph": {"_type": "graph-file", "sha256": "aabcca7ad82506361a2ac30e94339a740bf98270cb92a190a7e33d4315d5f5e5", "size": 1587, "path": "media/graph/graph_summary_aabcca7ad82506361a2a.graph.json"}, "epoch": 44, "_timestamp": 1652166899, "_runtime": 62, "loss": 10.349533081054688, "val_loss": 10.272974014282227, "val_val_loss": 11.244149208068848, "_step": 44, "best_val_loss": 10.071757316589355, "best_epoch": 19, "_wandb": {"runtime": 60}}