{"graph": {"_type": "graph-file", "sha256": "fee609b867b12c622acff796e912bcfa0ad475c86ae024b1d2643b6c7b4f2367", "size": 2073, "path": "media/graph/graph_summary_fee609b867b12c622acf.graph.json"}, "epoch": 199, "_timestamp": 1652166531, "_runtime": 437, "loss": 10.15441608428955, "val_loss": 10.23477840423584, "val_val_loss": 11.379573822021484, "_step": 199, "best_val_loss": 9.815366744995117, "best_epoch": 191, "_wandb": {"runtime": 436}}