{"graph": {"_type": "graph-file", "sha256": "a32303bed07b8b295d3fff8663d685897fef5edbba7f264fc5de1ba4222c976e", "size": 2073, "path": "media/graph/graph_summary_a32303bed07b8b295d3f.graph.json"}, "epoch": 46, "_timestamp": 1652174614, "_runtime": 109, "loss": 10.128649711608887, "val_loss": 10.105051040649414, "val_val_loss": 11.393885612487793, "_step": 46, "best_val_loss": 10.018856048583984, "best_epoch": 21, "_wandb": {"runtime": 107}}