{"graph": {"_type": "graph-file", "sha256": "fee609b867b12c622acff796e912bcfa0ad475c86ae024b1d2643b6c7b4f2367", "size": 2073, "path": "media/graph/graph_summary_fee609b867b12c622acf.graph.json"}, "epoch": 25, "_timestamp": 1652164848, "_runtime": 61, "loss": 10.24388599395752, "val_loss": 10.18016242980957, "val_val_loss": 11.595779418945312, "_step": 25, "best_val_loss": 10.164674758911133, "best_epoch": 13, "_wandb": {"runtime": 61}}