{"graph": {"_type": "graph-file", "sha256": "93df3d061300fcd9217a014e84da07023429d450df83ebc2700b67fd0c963da1", "size": 2072, "path": "media/graph/graph_summary_93df3d061300fcd9217a.graph.json"}, "epoch": 38, "_timestamp": 1652167362, "_runtime": 98, "loss": 10.31735610961914, "val_loss": 10.354941368103027, "val_val_loss": 12.648500442504883, "_step": 38, "best_val_loss": 10.053775787353516, "best_epoch": 26, "_wandb": {"runtime": 92}}