{"graph": {"_type": "graph-file", "sha256": "fee609b867b12c622acff796e912bcfa0ad475c86ae024b1d2643b6c7b4f2367", "size": 2073, "path": "media/graph/graph_summary_fee609b867b12c622acf.graph.json"}, "epoch": 61, "_timestamp": 1652168296, "_runtime": 100, "loss": 14.015631675720215, "val_loss": 13.917625427246094, "val_val_loss": 16.885324478149414, "_step": 61, "best_val_loss": 10.90066146850586, "best_epoch": 11, "_wandb": {"runtime": 99}}