{"graph": {"_type": "graph-file", "sha256": "a32303bed07b8b295d3fff8663d685897fef5edbba7f264fc5de1ba4222c976e", "size": 2073, "path": "media/graph/graph_summary_a32303bed07b8b295d3f.graph.json"}, "epoch": 22, "_timestamp": 1652169349, "_runtime": 57, "loss": 10.40695571899414, "val_loss": 10.361062049865723, "val_val_loss": 11.405525207519531, "_step": 22, "best_val_loss": 10.306731224060059, "best_epoch": 10, "_wandb": {"runtime": 50}}