{"graph": {"_type": "graph-file", "sha256": "a32303bed07b8b295d3fff8663d685897fef5edbba7f264fc5de1ba4222c976e", "size": 2073, "path": "media/graph/graph_summary_a32303bed07b8b295d3f.graph.json"}, "epoch": 35, "_timestamp": 1652172687, "_runtime": 61, "loss": 14.023969650268555, "val_loss": 13.922470092773438, "val_val_loss": 12.73781967163086, "_step": 35, "best_val_loss": 11.197320938110352, "best_epoch": 10, "_wandb": {"runtime": 59}}