{"graph": {"_type": "graph-file", "sha256": "289732b421dfa3d88edff56d4eef83ce251fbfb2444c65bfdf14d7cd0c83c687", "size": 1584, "path": "media/graph/graph_summary_289732b421dfa3d88edf.graph.json"}, "epoch": 20, "_timestamp": 1652164458, "_runtime": 33, "loss": 10.335484504699707, "val_loss": 10.266063690185547, "val_val_loss": 10.73408031463623, "_step": 20, "best_val_loss": 10.208166122436523, "best_epoch": 8, "_wandb": {"runtime": 32}}