{"graph": {"_type": "graph-file", "sha256": "289732b421dfa3d88edff56d4eef83ce251fbfb2444c65bfdf14d7cd0c83c687", "size": 1584, "path": "media/graph/graph_summary_289732b421dfa3d88edf.graph.json"}, "epoch": 29, "_timestamp": 1652174868, "_runtime": 42, "loss": 10.222057342529297, "val_loss": 10.598003387451172, "val_val_loss": 12.042085647583008, "_step": 29, "best_val_loss": 10.061498641967773, "best_epoch": 17, "_wandb": {"runtime": 40}}