{"graph": {"_type": "graph-file", "sha256": "64aea16c8e07ce98d591a2c3b4a8398af4ee29056a524d20af19135ffb2d64f7", "size": 617, "path": "media/graph/graph_summary_64aea16c8e07ce98d591.graph.json"}, "epoch": 199, "_timestamp": 1653293198, "_runtime": 2148, "loss": 0.24852125346660614, "val_loss": 0.24852071702480316, "val_val_loss": 0.29003480076789856, "_step": 199, "best_val_loss": 0.24842607975006104, "best_epoch": 197, "_wandb": {"runtime": 2152}}