{"graph": {"_type": "graph-file", "sha256": "a32303bed07b8b295d3fff8663d685897fef5edbba7f264fc5de1ba4222c976e", "size": 2073, "path": "media/graph/graph_summary_a32303bed07b8b295d3f.graph.json"}, "epoch": 29, "_timestamp": 1652163007, "_runtime": 76, "loss": 10.766153335571289, "val_loss": 10.725181579589844, "val_val_loss": 11.801042556762695, "_step": 29, "best_val_loss": 10.633787155151367, "best_epoch": 17, "_wandb": {"runtime": 74}}